date,region,active_customers,churn_rate,support_tickets,marketing_spend,discount_pct,revenue
2025-01-01,South,5986.0,0.0205,33.0,1960.75,5.5,8032.76
2025-01-02,South,5924.0,0.0174,37.0,1934.78,5.42,7994.52
2025-01-03,West,6010.0,0.0182,31.0,1763.8,5.86,8031.76
2025-01-04,West,5963.0,0.0189,41.0,1946.73,6.27,7981.72
2025-01-05,West,5976.0,0.0172,44.0,1731.99,6.29,7985.5
2025-01-06,East,5909.0,0.0185,34.0,1699.36,5.37,7968.3
2025-01-07,South,5974.0,0.0185,38.0,1709.67,5.93,8007.86
2025-01-08,North,5910.0,0.016,45.0,1773.01,4.13,8051.6
2025-01-09,West,5914.0,0.0202,42.0,1744.79,5.96,7943.45
2025-01-10,West,5865.0,0.0197,35.0,1815.62,6.04,7902.74
2025-01-11,South,5893.0,0.018,33.0,1699.37,5.01,7948.47
2025-01-12,East,5882.0,0.0187,31.0,1905.5,4.67,8000.89
2025-01-13,West,5874.0,0.0198,46.0,1943.1,5.42,7935.12
2025-01-14,South,5883.0,0.0188,37.0,1714.74,4.31,8068.73
2025-01-15,South,5862.0,0.0189,46.0,1574.21,5.9,7891.8
2025-01-16,West,5881.0,0.0172,44.0,1896.03,5.89,7870.55
2025-01-17,North,5828.0,0.0203,39.0,1957.39,4.69,7935.3
2025-01-18,North,5802.0,0.0197,39.0,1761.29,5.73,7738.52
2025-01-19,West,5821.0,0.02,46.0,1591.96,6.79,7685.17
2025-01-20,West,5832.0,0.0174,40.0,1824.11,6.82,7754.1
2025-01-21,North,5839.0,0.0223,45.0,2011.96,6.81,7804.3
2025-01-22,South,5816.0,0.0201,34.0,1500.98,5.69,7837.68
2025-01-23,East,5729.0,0.0194,46.0,1853.28,5.54,7712.14
2025-01-24,East,5782.0,0.0231,40.0,1733.71,5.53,7731.63
2025-01-25,East,5804.0,0.0201,31.0,1651.57,6.55,7741.58
2025-01-26,South,5753.0,0.0181,37.0,1853.81,8.35,7523.36
2025-01-27,East,5726.0,0.0197,44.0,1583.42,7.45,7563.37
2025-01-28,East,5742.0,0.017,50.0,1821.95,7.67,7575.22
2025-01-29,North,5707.0,0.0221,42.0,1973.56,7.47,7579.44
2025-01-30,North,5731.0,0.02,35.0,1802.24,4.55,7829.24
2025-01-31,North,5702.0,0.0196,52.0,1643.45,6.0,7668.96
2025-02-01,West,5733.0,0.0224,45.0,1507.16,5.81,7662.12
2025-02-02,South,5697.0,0.0184,39.0,1580.93,7.53,7541.37
2025-02-03,East,5649.0,0.0218,38.0,1496.2,8.01,7375.17
2025-02-04,West,5680.0,0.018,35.0,2011.49,5.7,7663.56
2025-02-05,North,5680.0,0.0202,49.0,1733.29,6.44,7653.1
2025-02-06,North,5625.0,0.0194,40.0,1613.1,7.0,7467.5
2025-02-07,North,5618.0,0.0235,42.0,1574.31,5.99,7472.83
2025-02-08,West,5549.0,0.0241,43.0,1608.11,5.89,7499.52
2025-02-09,East,5635.0,0.021,51.0,1716.99,5.88,7602.3
2025-02-10,North,5579.0,0.0229,41.0,1574.14,7.48,7397.33
2025-02-11,North,5522.0,0.0214,46.0,2017.14,5.73,7457.14
2025-02-12,North,5521.0,0.0226,45.0,1652.75,7.82,7271.88
2025-02-13,West,5557.0,0.0207,44.0,1646.63,6.81,7373.16
2025-02-14,South,5577.0,0.0194,37.0,1809.34,7.51,7338.31
2025-02-15,West,5542.0,0.0193,45.0,1979.93,8.35,7330.97
2025-02-16,West,5548.0,0.0227,52.0,1960.1,6.17,7429.3
2025-02-17,West,5488.0,0.0256,47.0,1687.5,6.06,7332.46
2025-02-18,South,5469.0,0.0227,40.0,1798.15,7.35,7220.13
2025-02-19,North,5525.0,0.0216,37.0,1781.39,5.93,7493.38
2025-02-20,South,5500.0,0.0254,48.0,1837.64,6.27,7399.95
2025-02-21,West,5473.0,0.0229,43.0,1795.68,6.93,7260.81
2025-02-22,West,5501.0,0.0228,44.0,1614.91,7.24,7271.78
2025-02-23,South,5423.0,0.0231,45.0,1566.62,5.88,7291.38
2025-02-24,South,5427.0,0.0227,37.0,1781.16,6.78,7260.84
2025-02-25,East,5459.0,0.0225,48.0,1576.44,7.78,7110.09
2025-02-26,South,5473.0,0.0209,44.0,1957.62,8.58,7197.76
2025-02-27,North,5407.0,0.0239,45.0,1758.29,5.32,7298.35
2025-02-28,North,5445.0,0.0231,46.0,1597.55,8.62,7066.12
2025-03-01,South,5364.0,0.0251,51.0,1702.38,8.24,7011.53
2025-03-02,North,5381.0,0.0228,45.0,1673.69,6.32,7222.61
2025-03-03,East,5355.0,0.0206,38.0,1729.27,5.97,7258.17
2025-03-04,East,5301.0,0.0234,51.0,1889.99,7.9,6992.6
2025-03-05,West,5343.0,0.0262,45.0,1530.62,7.1,7094.18
2025-03-06,East,5352.0,0.0232,41.0,1466.31,7.7,7000.93
2025-03-07,South,5308.0,0.0225,36.0,1796.31,8.46,6966.42
2025-03-08,North,5300.0,0.0221,44.0,1718.18,7.27,7050.45
2025-03-09,North,5332.0,0.0225,39.0,1768.42,7.84,6961.7
2025-03-10,West,5241.0,0.0237,43.0,1809.78,8.19,6860.65
2025-03-11,East,5222.0,0.0224,46.0,1715.1,8.65,6848.18
2025-03-12,North,5235.0,0.0265,48.0,1861.38,9.56,6706.64
2025-03-13,South,5206.0,0.024,50.0,1606.64,9.53,6707.39
2025-03-14,East,5270.0,0.0246,48.0,1749.41,8.12,6943.16
2025-03-15,West,5226.0,0.0267,46.0,1614.3,7.68,6815.36
2025-03-16,West,5177.0,0.0269,46.0,1568.59,10.32,6609.32
2025-03-17,West,5172.0,0.0244,43.0,1829.56,8.64,6764.37
2025-03-18,South,5264.0,0.0253,50.0,1821.76,8.47,6927.02
2025-03-19,East,5147.0,0.026,47.0,1444.27,6.98,6766.68
2025-03-20,North,5130.0,0.0247,44.0,1566.43,8.9,6712.69
2025-03-21,East,5151.0,0.0224,48.0,1777.69,7.39,6832.69
2025-03-22,South,5148.0,0.0262,48.0,1893.59,7.74,6847.86
2025-03-23,North,5122.0,0.0266,45.0,1632.32,6.91,6852.0
2025-03-24,North,5075.0,0.026,40.0,1703.81,7.76,6703.12
2025-03-25,East,5055.0,0.0241,48.0,1518.54,8.38,6625.09
2025-03-26,North,5095.0,0.0253,48.0,2106.33,6.87,6742.49
2025-03-27,South,5063.0,0.0248,46.0,1800.14,7.51,6646.46
2025-03-28,South,5003.0,0.0253,44.0,1862.23,8.36,6527.44
2025-03-29,East,5074.0,0.0278,45.0,1825.9,7.22,6722.16
2025-03-30,North,5048.0,0.0282,48.0,1866.35,7.27,6739.33
2025-03-31,North,5004.0,0.027,49.0,1816.74,7.73,6537.48
2025-04-01,North,4990.0,0.0269,47.0,1674.41,7.2,6603.69
2025-04-02,East,4991.0,0.0272,48.0,1835.45,9.25,6434.68
2025-04-03,North,4950.0,0.0263,45.0,1734.88,7.69,6473.59
2025-04-04,South,4917.0,0.0263,49.0,1916.66,9.49,6443.39
2025-04-05,South,4955.0,0.0254,48.0,1611.01,9.68,6397.68
2025-04-06,South,4888.0,0.0265,44.0,1639.31,7.61,6519.72
2025-04-07,South,4928.0,0.03,55.0,1818.84,8.88,6479.8
2025-04-08,South,4859.0,0.028,53.0,1910.78,8.4,
2025-04-09,North,4886.0,0.0263,52.0,1739.77,7.79,6373.27
2025-04-10,South,4872.0,0.0262,47.0,1610.28,8.63,6444.36
2025-04-11,South,4917.0,0.0257,46.0,1698.47,8.76,6400.43
2025-04-12,North,4818.0,0.0277,43.0,1640.75,9.75,6172.81
2025-04-13,South,4793.0,0.0278,53.0,1999.17,10.1,6220.36
2025-04-14,South,4804.0,0.0251,36.0,1848.61,8.02,6339.09
2025-04-15,North,4775.0,0.0281,47.0,1902.64,8.76,6225.65
2025-04-16,North,4778.0,0.0266,46.0,1757.37,9.73,6165.43
2025-04-17,South,4794.0,0.0297,55.0,1628.03,10.41,6148.95
2025-04-18,East,4790.0,0.0279,49.0,1886.45,6.85,6401.15
2025-04-19,West,4802.0,0.0303,46.0,1957.72,10.59,6197.07
2025-04-20,South,4716.0,0.0271,41.0,1796.08,9.19,6125.4
2025-04-21,North,4804.0,0.0275,45.0,1704.31,10.93,6113.02
2025-04-22,East,4770.0,0.0284,50.0,1869.26,9.02,6249.27
2025-04-23,West,4690.0,0.0297,51.0,1650.61,8.65,6141.9
2025-04-24,North,4612.0,0.029,49.0,1820.12,9.56,6029.06
2025-04-25,South,4665.0,0.0264,44.0,1597.86,10.73,5948.8
2025-04-26,North,4656.0,0.0286,49.0,1558.21,9.63,6011.07
2025-04-27,South,4570.0,0.0285,54.0,1787.9,7.29,6028.99
2025-04-28,North,4628.0,0.0279,43.0,1752.78,10.36,6007.51
2025-04-29,West,4606.0,0.0276,49.0,1986.9,8.11,6027.84
2025-04-30,South,4572.0,0.0313,60.0,1658.4,8.78,5979.78
2025-05-01,East,4601.0,0.0282,52.0,1703.1,8.64,5984.9
2025-05-02,South,4598.0,0.0276,46.0,1527.75,8.01,6057.8
2025-05-03,South,4538.0,0.0299,54.0,1417.52,8.63,5948.7
2025-05-04,North,4545.0,0.0293,46.0,1429.95,8.93,5843.71
2025-05-05,West,4504.0,0.029,50.0,1765.7,9.35,5849.23
2025-05-06,North,4485.0,0.0304,59.0,1518.9,9.95,5705.78
2025-05-07,North,4496.0,0.0301,60.0,1863.58,9.71,5888.75
2025-05-08,South,4494.0,0.03,42.0,1907.06,8.6,5885.84
2025-05-09,North,4446.0,0.031,55.0,1650.08,9.94,5675.08
2025-05-10,South,4382.0,0.03,61.0,1940.81,11.13,5578.69
2025-05-11,North,4451.0,0.0288,47.0,1725.29,11.15,5727.6
2025-05-12,West,4371.0,0.0292,51.0,1859.12,10.37,5693.07
2025-05-13,West,4408.0,0.0291,58.0,1655.68,10.9,5682.17
2025-05-14,North,4443.0,0.0303,49.0,1832.58,11.21,5637.78
2025-05-15,West,4375.0,0.0284,52.0,1546.37,11.72,5524.32
2025-05-16,North,4326.0,0.0274,48.0,1780.43,12.1,5531.41
2025-05-17,South,4303.0,0.0304,42.0,1617.31,10.12,5514.06
2025-05-18,West,4367.0,0.0283,51.0,1665.77,10.21,5609.92
2025-05-19,North,4318.0,0.0275,48.0,1779.28,11.99,5424.3
2025-05-20,North,4319.0,0.0311,56.0,1709.59,12.12,5404.0
2025-05-21,East,4316.0,0.0295,61.0,1671.69,12.14,5490.69
2025-05-22,East,4271.0,0.0314,56.0,1791.18,8.3,5651.77
2025-05-23,West,4248.0,0.03,49.0,1801.65,10.46,5487.42
2025-05-24,North,4214.0,0.0292,52.0,1472.58,7.46,
2025-05-25,North,4136.0,0.0291,51.0,1763.34,11.49,5306.76
2025-05-26,North,4168.0,0.0303,56.0,1779.31,10.86,5404.01
2025-05-27,South,4196.0,0.0307,44.0,1565.07,10.89,5359.08
2025-05-28,North,4178.0,0.03,45.0,1734.86,10.74,5345.41
2025-05-29,East,4179.0,0.0309,41.0,1477.52,12.22,5213.24
2025-05-30,North,4149.0,0.0291,53.0,1891.21,10.67,5383.56
2025-05-31,South,4142.0,0.0315,52.0,1638.83,12.03,5211.28
2025-06-01,South,4146.0,0.0289,47.0,1661.86,11.59,5204.87
2025-06-02,North,4080.0,0.0314,48.0,1852.41,11.44,5196.56
2025-06-03,East,4082.0,0.0328,50.0,1650.56,11.58,5185.71
2025-06-04,West,4025.0,0.0335,49.0,1760.96,11.27,5174.69
2025-06-05,South,4086.0,0.0345,53.0,1513.18,10.11,5303.03
2025-06-06,South,4043.0,0.0297,48.0,1583.99,11.96,5080.63
2025-06-07,South,4040.0,0.0333,61.0,1459.75,11.99,5062.01
2025-06-08,West,4054.0,0.034,56.0,1636.55,11.18,5159.37
2025-06-09,West,4023.0,0.0338,50.0,1821.6,12.09,5049.05
2025-06-10,West,3974.0,0.031,49.0,1699.65,12.3,5010.62
2025-06-11,South,3983.0,0.0331,60.0,1797.91,10.16,
2025-06-12,South,3898.0,0.0354,58.0,1510.5,11.34,4961.48
2025-06-13,North,3939.0,0.0304,53.0,1531.11,11.08,4961.87
2025-06-14,North,3914.0,0.0335,58.0,1592.93,10.65,4974.93
2025-06-15,West,3844.0,0.0345,63.0,1747.81,11.92,4930.71
2025-06-16,South,3916.0,0.0319,46.0,1714.55,10.8,4987.46
2025-06-17,South,3838.0,0.0339,51.0,1657.96,11.25,4931.23
2025-06-18,North,3864.0,0.0315,43.0,1752.81,11.97,4927.76
2025-06-19,West,3815.0,0.032,55.0,1635.87,12.11,4812.03
2025-06-20,North,3841.0,0.0321,51.0,1654.51,12.12,4818.34
2025-06-21,East,3834.0,0.0337,51.0,1852.63,14.07,4768.73
2025-06-22,South,3753.0,0.0333,50.0,1568.13,11.38,4746.48
2025-06-23,East,3714.0,0.035,59.0,1682.63,12.17,4694.99
2025-06-24,East,3740.0,0.0322,52.0,1896.19,10.75,4829.27
2025-06-25,East,3753.0,0.0336,51.0,1668.84,12.48,4703.2
2025-06-26,South,3699.0,0.0353,62.0,1758.7,13.19,4626.65
2025-06-27,South,3674.0,0.0348,50.0,1560.88,13.29,4572.44
2025-06-28,West,3691.0,0.032,46.0,1944.52,11.48,4680.25
2025-06-29,North,3576.0,0.0351,68.0,1312.76,11.88,4509.09
2025-06-30,North,3622.0,0.0335,52.0,1479.22,13.46,4481.27
2025-07-01,East,3583.0,0.0349,52.0,1490.46,12.15,4453.44
2025-07-02,West,3616.0,0.0348,52.0,1890.67,13.24,4530.15
2025-07-03,East,3567.0,0.0363,56.0,1699.73,11.35,4551.89
2025-07-04,North,3538.0,0.0347,59.0,1606.68,13.74,4377.22
2025-07-05,West,3545.0,0.0319,56.0,1452.92,13.43,4330.68
2025-07-06,West,3495.0,0.0327,56.0,1698.97,12.9,4429.14
2025-07-07,South,3521.0,0.0359,55.0,1660.62,11.68,4513.97
2025-07-08,South,3484.0,0.0345,47.0,1538.73,12.36,4423.62
2025-07-09,South,3475.0,0.0367,58.0,1418.11,12.71,4372.57
2025-07-10,East,3447.0,0.0355,63.0,1475.59,12.86,4272.4
2025-07-11,North,3479.0,0.0341,60.0,1672.18,12.54,4398.16
2025-07-12,North,3429.0,0.0369,56.0,1685.98,12.46,4300.67
2025-07-13,West,3431.0,0.0342,59.0,1649.47,12.91,4403.05
2025-07-14,South,3414.0,0.0324,51.0,1614.92,14.16,4211.17
2025-07-15,South,3356.0,0.0386,58.0,1371.51,10.79,4327.67
2025-07-16,South,3381.0,0.0328,47.0,1643.3,11.47,
2025-07-17,North,3356.0,0.0367,55.0,1480.27,11.34,
2025-07-18,North,3336.0,0.0372,58.0,1640.58,12.23,4209.06
2025-07-19,North,3297.0,0.0361,55.0,1703.23,11.22,4261.95
2025-07-20,East,3279.0,0.0335,58.0,1531.27,13.55,4113.02
2025-07-21,East,3297.0,0.0376,67.0,1478.34,13.14,4138.93
2025-07-22,West,3322.0,0.034,61.0,1780.0,12.83,4122.03
2025-07-23,West,3214.0,0.0343,53.0,1682.9,12.44,4119.94
2025-07-24,North,3237.0,0.0358,52.0,1533.79,13.32,4014.13
2025-07-25,North,3191.0,0.0376,54.0,1178.4,13.38,4029.0
2025-07-26,East,3207.0,0.037,52.0,1620.25,13.57,4085.2
2025-07-27,North,3178.0,0.0378,58.0,1721.15,12.55,4061.55
2025-07-28,West,3179.0,0.0361,58.0,1794.17,13.97,4011.53
2025-07-29,South,3045.0,0.0366,58.0,1523.43,11.89,3827.15
2025-07-30,South,3093.0,0.0352,56.0,1527.81,14.65,3921.24
2025-07-31,South,3063.0,0.0365,57.0,1556.99,10.36,3977.16
2025-08-01,South,3070.0,0.038,57.0,1748.28,12.89,3924.6
2025-08-02,South,3034.0,0.0367,53.0,1445.55,12.32,3805.28
2025-08-03,North,3017.0,0.038,67.0,1603.99,14.35,3743.6
2025-08-04,West,3039.0,0.0365,62.0,1481.22,12.11,3809.68
2025-08-05,West,3057.0,0.0366,52.0,1659.53,15.46,3741.14
2025-08-06,West,2896.0,0.0376,53.0,1385.21,12.14,3674.25
2025-08-07,West,2953.0,0.0373,54.0,1674.0,15.75,3627.39
2025-08-08,East,2952.0,0.0386,59.0,1542.24,14.21,3725.38
2025-08-09,West,2924.0,0.0381,64.0,1582.29,13.83,3673.5
2025-08-10,East,2893.0,0.0405,65.0,1693.93,14.28,3617.82
2025-08-11,South,2844.0,0.0377,63.0,1785.8,16.07,3486.52
2025-08-12,North,2838.0,0.0377,63.0,1358.84,14.81,3573.59
2025-08-13,South,2870.0,0.0366,62.0,1763.09,11.73,3664.19
2025-08-14,South,2861.0,0.0383,62.0,1695.44,15.19,3579.93
2025-08-15,East,2812.0,0.0394,62.0,1566.67,14.27,3421.72
2025-08-16,West,2765.0,0.0373,57.0,1820.64,12.46,3499.42
2025-08-17,East,2774.0,0.0384,50.0,1637.5,14.88,3453.12
2025-08-18,North,2744.0,0.0397,59.0,1802.38,12.95,3482.0
2025-08-19,North,2748.0,0.0385,67.0,1518.61,14.38,3536.18
2025-08-20,West,2717.0,0.038,55.0,1476.69,14.47,3474.06
2025-08-21,West,2674.0,0.0403,57.0,1789.56,13.63,3315.92
2025-08-22,South,2679.0,0.0391,64.0,1929.66,14.97,3300.78
2025-08-23,North,2618.0,0.0397,60.0,1699.25,13.34,
2025-08-24,North,2658.0,0.0409,58.0,1737.02,14.59,3386.34
2025-08-25,North,2648.0,0.041,68.0,1531.43,13.89,3360.16
2025-08-26,West,2558.0,0.0388,62.0,1402.9,14.3,3194.24
2025-08-27,South,2586.0,0.0386,62.0,1566.94,16.44,3094.4
2025-08-28,South,2524.0,0.0399,57.0,1825.05,14.67,3127.51
