date,region,marketing_spend,customer_count,avg_order_value,revenue
2025-01-01,North,1072.3272050095268,641.2363392224877,53.4673958947967,808.7519762955684
2025-01-02,South,870.9760490789752,532.0633413461501,30.930084108615084,826.5491991171666
2025-01-03,North,1072.279121101683,398.45889259174385,35.5339318986738,794.5040404801186
2025-01-04,North,1307.6073132931938,572.4233691722033,28.686142577919195,863.126535665616
2025-01-05,North,992.8347921780097,668.4317136381056,42.84474532444354,851.9846748331119
2025-01-06,South,1312.9287311628013,580.9212431904605,50.7403380463677,837.491864270328
2025-01-07,North,476.05097918205115,376.43922953932145,57.01885641676822,738.7793046149995
2025-01-08,North,1164.3805008750448,458.91490545561606,45.592758243358205,807.7408472670429
2025-01-09,North,1017.4094136476342,598.6713276891198,58.02892436457034,826.0091327329699
2025-01-10,South,940.1985299068265,440.3696829739612,33.95918833428087,781.228984053892
2025-01-11,North,1018.3521553071005,532.1535989444358,31.372940485158765,813.2509494152717
2025-01-12,North,602.4862170798215,558.2835734363581,44.55561840882705,751.1646024065628
2025-01-13,North,956.0656224324977,421.82321590503824,48.07252359151446,736.787125521203
2025-01-14,North,1071.4225143023493,490.8804296156147,44.73844201524726,805.2390752936323
2025-01-15,South,1295.5788089483033,236.00587536430658,28.460463199680987,796.5467382628545
2025-01-16,North,896.3459563452706,413.021055732363,44.287039683897696,775.2339347890611
2025-01-17,South,838.3012794213624,474.4314193969271,34.56424399596118,790.0271884262004
2025-01-18,South,899.6485912830926,394.4790214204657,50.35738039064031,721.5161898000028
2025-01-19,South,1183.0804235404148,624.5593847614582,47.93278596877479,819.9780266094597
2025-01-20,North,1065.750221931937,379.2199746793505,37.480961709381155,749.2548024117749
2025-01-21,South,894.0479592465922,458.0925304497162,40.88906466130645,750.5817071140372
2025-01-22,North,1102.6534866226712,503.42014003763586,36.52629182488839,820.3151658156271
2025-01-23,South,1019.4155098696081,607.9275614493116,44.498567221814625,768.3979735857721
2025-01-24,South,1193.7289981065778,377.4215306989409,52.64113856400991,804.8262428898379
2025-01-25,South,859.5893812245295,585.0084074349666,37.11419162931565,773.675089491594
2025-01-26,South,934.4675706804463,492.43875661341053,49.03237212414275,749.2967749435498
2025-01-27,South,921.5783693735684,412.76422411728123,40.75793905302047,
2025-01-28,South,707.2970103735763,527.9179986114527,38.657017341901245,692.9309365774649
2025-01-29,South,1059.2240554129153,506.5393007855424,44.14375712036354,800.1397469455305
2025-01-30,South,1052.2110544359778,442.261979436235,36.71806142064501,759.9409665391057
2025-01-31,North,1001.0226913284922,495.5283008774138,40.57080555722254,733.043318396346
2025-02-01,North,953.0825733249707,458.78385079854525,35.416976859289214,713.5837004283388
2025-02-02,South,716.9258515899171,498.35513063685966,60.717801063331116,712.8966095031582
2025-02-03,South,915.8709354469282,541.9090014477172,45.28210841577383,804.807370503701
2025-02-04,South,931.4570966946461,615.4846972469354,39.402195936059314,779.885363078545
2025-02-05,North,839.5445461556762,389.24291651843305,46.71183928587378,666.0198377995321
2025-02-06,South,967.7428576667982,658.5756308663562,44.10137560247336,796.367077620627
2025-02-07,North,1080.8101713629076,331.4307414013283,43.232243203734214,713.3918767582378
2025-02-08,North,1377.237180242106,475.11976222955553,49.9133336003474,739.2412390729841
2025-02-09,North,1034.9155625663677,533.9927508204421,51.06006168037844,770.5023689737291
2025-02-10,North,1051.5100781445528,509.0715281897523,40.75599081911578,759.981869493224
2025-02-11,North,985.1108168467665,436.44102165457593,40.39345407484256,750.2940322778015
2025-02-12,South,616.2457569401918,469.2720076809152,42.799586422786845,732.514993917261
2025-02-13,South,994.6972249101566,446.14651740606433,26.58463068211532,763.1679719596065
2025-02-14,South,1012.0460419882053,438.1022160925078,32.878471502411585,727.353342688928
2025-02-15,South,1492.6484224970573,552.8843688790005,55.934994139556196,811.8200967107784
2025-02-16,South,961.5278070437755,513.1422444637959,58.15974170801027,811.1091914322589
2025-02-17,North,1060.3094684667226,428.8130424350136,43.007711683548976,736.6568273704278
2025-02-18,South,993.0576460589514,555.8786045597997,49.612455704446134,762.439175658405
2025-02-19,South,766.2643924760936,508.1593806645421,47.49000123634829,712.0357425410712
2025-02-20,North,1228.5645629030041,548.2691929708039,69.63104646764191,797.8516395581787
2025-02-21,South,1150.3866065373547,533.2753352868499,53.956599291476614,771.948341045096
2025-02-22,North,1158.2063894086093,416.2502315284688,43.97665926815387,726.1639190386084
2025-02-23,South,818.1225090410522,437.4201536557508,37.355676475196596,681.0550718269012
2025-02-24,North,1280.5588621872198,541.6829297506431,32.14842943793942,793.4346809671496
2025-02-25,South,719.6297874415438,530.393867044733,46.627709086937784,692.0244949848269
2025-02-26,South,1117.371418760054,479.55692276219776,38.949194037725576,731.0818126735036
2025-02-27,North,1438.0911251619957,490.2800454133059,33.621970323218605,801.7712872525997
2025-02-28,North,801.8927349738624,582.7718508809511,39.82741692605979,723.9365658011002
2025-03-01,North,886.7404540794456,432.8977525802845,36.34761597108484,734.5584308910721
2025-03-02,North,1019.9302730175283,523.6560586500276,58.49713308058052,676.7730071925608
2025-03-03,North,899.3048691767601,463.37766043098685,52.053118055595604,733.0402752228662
2025-03-04,North,689.8673137867735,461.8033808367944,44.93621886946706,703.8994981147353
2025-03-05,North,1013.7125949612055,566.784829723221,56.83955311112021,699.8665208984294
2025-03-06,North,787.539257254779,544.580793952562,45.61894646118095,701.4295570337085
2025-03-07,South,1094.7184861270364,543.2930613828444,38.10972638937389,745.2839713599917
2025-03-08,South,816.1151531532394,582.3153995444134,57.18499261815726,688.1810837085877
2025-03-09,North,1309.986881003508,479.2222067719615,49.31128034947727,745.958941796812
2025-03-10,South,843.3493415327525,531.7629416142117,36.70203076538835,682.2892339462458
2025-03-11,South,935.5876967588649,452.0501678524118,43.47729057533113,742.6649938881047
2025-03-12,South,1162.703443473934,502.46962104823734,37.995053972921944,770.3260721614546
2025-03-13,South,753.8271367132089,465.789672969021,33.93760215228531,705.2702408339941
2025-03-14,North,1045.4919869208259,483.625598987127,52.40942038025313,739.5063519610413
2025-03-15,South,1261.4285508564856,523.1432882919363,60.275333123761044,736.3667290255672
2025-03-16,North,678.5033530877545,409.7378760675792,33.81145940944687,628.9022948806326
2025-03-17,South,1036.9267717064608,642.2513172503676,49.50375389352457,776.6498922802131
2025-03-18,South,1051.9765588496848,394.0437491448283,39.79485944702539,660.540212231284
2025-03-19,South,1156.364574355462,377.0548551110596,41.10299692988243,718.3625838878743
2025-03-20,North,752.6098578243837,566.5036184833574,40.26084860608905,689.6835912758846
2025-03-21,South,735.9086773831448,536.8525685896606,38.08807384256147,673.803395571049
2025-03-22,North,1104.3883131233795,523.1139429060719,45.388173023558615,
2025-03-23,South,1059.3969346466372,523.1168027523156,38.3523990687117,736.4483705137518
2025-03-24,North,1050.0985700691754,471.53422465269375,47.16365460623871,
2025-03-25,South,1069.289641899395,400.3984212308541,44.5980951244069,716.758787570674
2025-03-26,North,863.9950556843019,477.9079400744925,43.08841562506872,652.0903085816437
2025-03-27,North,1046.4507394322006,417.33544296729923,37.739490703667215,702.5945669395203
2025-03-28,South,1058.6144946597362,549.182763030962,40.38582935545334,742.2851490825982
2025-03-29,North,857.1297163947264,459.07339830664455,51.043129806606046,661.3461120577381
2025-03-30,South,1373.1549022289514,404.4630175526885,49.00733750099505,737.1414438098336
2025-03-31,South,1094.7665841823575,444.4567304331237,37.17955804161159,666.8328265655354
2025-04-01,South,761.7393005594703,502.8669185766869,45.7946584434338,687.662986919222
2025-04-02,South,1131.310721726766,424.3992424795926,51.01109698697431,
2025-04-03,South,805.0636659545357,403.38437952786984,31.644757751029026,625.9134921491799
2025-04-04,South,1157.4169207484904,488.3217925618111,49.34688153903948,742.4236920015995
2025-04-05,South,1231.7191158014807,488.0889458004296,39.69900992843323,708.5480258858881
2025-04-06,South,835.8635363296579,427.6009705513152,49.56478934874527,612.3030378091062
2025-04-07,South,1192.6752258488643,430.1381646008135,38.89392674765986,661.7644340870739
2025-04-08,South,1082.5561853872996,486.050028508164,30.560943194683848,714.9687968760287
2025-04-09,South,1164.4120319988979,351.3040906690409,31.9796604969347,638.5450914842291
2025-04-10,North,1379.3585965307896,354.2185405079762,45.38467957329106,746.4246810419556
2025-04-11,North,950.9223767994259,409.00490922717944,47.07778001377186,601.5597505155556
2025-04-12,South,849.2527671285021,449.0694792597003,37.76546699916473,
2025-04-13,South,822.0971140748953,490.6826611137622,50.108739670218995,661.8283216785011
2025-04-14,South,836.8379430069124,583.5033576911597,31.70783950184832,
2025-04-15,South,984.5796581171792,533.7524346606308,44.47136161082147,677.9885846271067
2025-04-16,South,1068.2303949633288,452.0093868766688,35.31187040190035,688.4973424121118
2025-04-17,South,1055.3381598660037,462.9479771108016,39.785311137582724,677.8084953625756
2025-04-18,South,1165.4366498072047,383.9317290412658,45.379189370531314,698.0244906081751
2025-04-19,South,1002.6003783755814,462.31783180217303,38.11669307772838,671.2707064520877
2025-04-20,North,1290.7068154314634,440.3709960372269,41.9235556461614,707.6871556652279
2025-04-21,South,947.0686333524088,488.94597644715884,53.050342473715524,656.7487546987016
2025-04-22,North,1544.0338333179238,396.61482060519967,40.38486504381481,725.1435342175066
2025-04-23,South,1125.1334695530013,504.005821697953,51.685536896521135,702.5271463601683
2025-04-24,South,828.5684887167436,584.7420180681391,35.962345162739055,630.6966856713142
2025-04-25,North,785.8215003877775,453.08689762065814,49.23843342332226,592.7203571157436
2025-04-26,South,1096.494483048637,493.5894517343958,56.5325489652632,702.6409902164503
2025-04-27,North,955.3074429348299,516.3288377726432,25.226843998981686,672.85746517773
2025-04-28,South,1142.8000988184185,428.68448515416105,38.624837956236185,664.6995199769539
2025-04-29,South,1094.647524914709,478.374325919135,49.61657701744432,676.3266994205873
2025-04-30,North,985.4342174686254,461.119123906119,43.37563691165606,661.8795185714228
2025-05-01,South,830.641256386319,467.5906241967557,47.96916698697047,617.3011714187377
2025-05-02,North,697.030555062827,397.6005580736856,40.16811850627344,569.181601820215
2025-05-03,South,910.6970095865958,461.06695919211205,45.6927182997832,643.5079214110539
2025-05-04,North,1171.2797588646945,498.6108130203064,43.75458211686336,663.385720697655
2025-05-05,North,1042.8187488260407,574.5272428135474,54.342256493278455,700.4398180273125
2025-05-06,South,750.8522442576024,534.8422247460344,47.03536674640971,590.8511094872309
2025-05-07,South,1034.6361851702363,630.0199597294161,47.70082129660162,729.1481837224734
2025-05-08,North,1077.0634759457673,396.0423625667214,41.70498427102026,650.2877258814256
2025-05-09,South,823.2285127597734,526.8806230046933,41.09915020742005,644.9324473966846
2025-05-10,South,1030.7450211891055,471.42713699538103,41.539534497443036,676.4730906633275
2025-05-11,South,1011.6417436892,631.6088156630003,48.155617139026376,737.6143707157999
2025-05-12,North,771.4059404338753,391.42552264644826,41.6321241534379,612.1290844006701
2025-05-13,North,1071.5574720696566,388.57644256967194,47.3181988551713,583.7986642785058
2025-05-14,North,1112.1569052736468,407.46758277788604,61.60320638916351,608.4710345007129
2025-05-15,North,1216.6102486350553,285.172140937897,51.96899762745354,602.702044743174
2025-05-16,North,1210.7604104069806,412.6882016174944,42.39181174265727,655.2348094747506
2025-05-17,North,724.4661264085818,393.6827948969332,54.609711377311555,587.7609256795255
2025-05-18,North,812.4349920169755,466.1097152085994,41.73539701582759,590.4819423379654
2025-05-19,North,1103.0070534417318,481.08349482194933,28.69500371857717,660.2553314406933
2025-05-20,North,1102.7571901824417,603.5014883663212,36.935309512660766,672.2721891585971
2025-05-21,South,1103.0095372612095,529.1065327532081,30.033664631793155,652.4708643347585
2025-05-22,North,1770.5462981309443,406.58513771460554,42.18789212766953,694.8490591714769
2025-05-23,South,1114.1781021386334,380.52906092900287,45.14734703351641,599.5453845696284
2025-05-24,South,1227.1131280361199,491.4205728266657,58.41149849820226,637.9244896001602
2025-05-25,South,1190.8003526986404,346.11318701376763,47.6154189901133,597.1633229358897
2025-05-26,North,1130.2782502611597,597.913349313041,43.247195769529085,713.2456140639247
2025-05-27,North,936.9461510719309,545.4166621716695,51.635244649467914,617.3034574713802
2025-05-28,North,1151.7938440986536,413.1922048148638,27.31091752793692,698.290479624326
2025-05-29,North,845.4349570924857,313.34029912524375,46.884916464868525,567.7871523318481
2025-05-30,South,952.6362786519983,558.3656558550207,51.16692155109573,648.5455947193035
2025-05-31,North,902.9272904341793,440.557482770852,33.171310033761266,578.5496285287237
2025-06-01,North,1016.3748278772645,548.4107798182122,54.15003234565543,665.7721213133955
2025-06-02,North,1462.9317133347017,321.4960666260596,47.707971259955315,
2025-06-03,North,626.5469614816504,400.76508196258084,41.67769668879359,546.3120935067648
2025-06-04,North,1137.2520380749027,448.79938424561107,50.06225492885028,697.1626953354934
2025-06-05,South,677.4568257620697,451.80314023860956,63.16554286243517,561.5736109008776
2025-06-06,North,905.6136268421133,411.7042594883644,46.454930040467964,613.7834790523145
2025-06-07,South,1217.790119393473,497.2022962637776,46.98576469040269,638.8308017465993
2025-06-08,North,1012.8560038190925,361.62947179464385,41.325112803678046,583.006216999671
2025-06-09,South,784.4510444141388,435.31355181282163,38.20124504428166,
2025-06-10,North,856.9392581480064,455.9923656207508,51.64268653235396,570.8934722430615
2025-06-11,North,1135.9195497869352,487.18862627777247,38.15132939272906,681.9674661448706
2025-06-12,South,853.9266736565727,502.6275142694575,45.57252989775514,615.5654671235312
2025-06-13,South,1043.2917179163949,355.3917611445906,41.17874042587907,566.9267116055469
2025-06-14,South,1009.1143679807627,322.2987993020441,48.831838605971136,580.6267650004285
2025-06-15,North,869.6799304788366,546.9068831820484,47.66929684229559,634.4803738676669
2025-06-16,South,1428.788817865065,470.9426628578087,53.30031955406319,685.6715102573368
2025-06-17,North,1126.7838044636023,384.1434234441908,40.919868809162026,558.4128009345865
2025-06-18,North,594.9714826684785,567.7793088797907,42.84100051765303,553.6915884618834
2025-06-19,South,1037.2908629538856,452.60592605069127,37.169890273741544,596.3606257270444
2025-06-20,South,867.6427070463224,537.3605345016424,41.445653919391106,599.5495966017276
2025-06-21,North,1170.4866669592448,448.0830427586188,48.018403944358816,634.4532627962728
2025-06-22,North,841.4958523134599,607.2062027056428,51.05590893316281,620.6499927323224
2025-06-23,South,977.0527117066202,582.4384405798138,37.622677406578994,594.6097405767099
2025-06-24,South,1100.9974557960913,421.75884577530536,51.95684736084528,606.7688105559254
2025-06-25,South,1173.1510388340243,519.0664581992535,55.845102870439604,651.426510659992
2025-06-26,North,759.9407185888448,492.63566255899053,48.307479225789606,579.1285230615625
2025-06-27,North,933.0997528318103,550.1609156640404,60.014366500464526,634.2673926343576
2025-06-28,North,905.0109377678087,363.1413186843179,38.80968640717141,566.6594085699435
2025-06-29,North,869.3341534852576,494.8841167998752,35.042762373508666,590.3448600434621
